user,keyword
,accessibility
,accountability
,accountability-framework
,adjustment
,agile
,algorithm
,alignment
,allocation
,analytics
,applicant-tracking
,architecture
,architecture-review
,artificial-intelligence
,attrition
,audit-trail
,automation
,autonomous-system
,bandwidth-constraint
,baseline-metric
,benchmarking
,bias-mitigation
,big-data
,blockchain
,brand-perception
,burnout
,business-continuity
,business-intelligence
,buy-in
,candidate-experience
,certification
,change-management
,churn
,churn-rate
,cloud
,cloud-computing
,cloud-native
,code-review
,cognitive-load
,collaboration
,compensation
,compliance
,compliance-audit
,configuration-management
,continuous-delivery
,continuous-improvement
,continuous-integration
,computer-vision
,classification
,clustering
,code
,chatgpt
,chatbot
,customer
,cybersecurity
,contractor
,contribution
,convergence
,corporate-culture
,critical-mass
,cross-functional
,cross-pollination
,data
,data-driven
,data-engineer
,data-governance
,data-pipeline
,data-science
,dataset
,debugging
,decision-making
,dedicated-team
,delivery-model
,deployment
,data-analytics
,data-mining
,database
,deep-learning
,decision-tree
,deployment-pipeline
,developer
,data-visualization
,docker
,design
,data-quality
,dev-community
,developer-experience
,devops
,digital-transformation
,digital-workplace
,discrimination
,distributed-team
,diversity
,domain-expertise
,downtime
,downtime-cost
,e-commerce
,ecosystem-partnership
,edge-computing
,efficiency
,elastic-scale
,empowerment
,empowerment-culture
,engineering-manager
,enterprise
,enterprise-architecture
,equity
,escalation
,ethical-AI
,ethics
,evaluation
,execution-risk
,experience-level
,experimentation
,energy-management
,event-optimization
,endpoint-automation
,encryption-policy
,enterprise-innovation
,environmental-adaptation
,eco-innovation
,electric-vehicles
,equality-in-tech
,emerging-technologies
,edge-intelligence
,enterprise-automation
,ethical-engineering
,eco-friendly
,entrepreneurship
,entertainment-news
,electric-energy
,evolution-of-ai
,feature-delivery
,feature-flag
,feedback
,feedback-loop
,forensic-analysis
,freelancing
,friction-point
,full-stack
,future-of?work
,future-proofing
,growth-opportunity
,gender-gap
,governance
,green-IT
,gig-economy
,gamification
,geospatial
,grid-computing
,globalization
,graphene
,gamble-tech
,geo-fencing
,genomics
,green-energy
,growth-hacking
,harassment
,hiring-freeze
,hiring-pipeline
,hiring-pipeline-bottleneck
,hiring-surge
,human-capital
,human-resources
,hyper-automation
,incident-response
,inclusion
,inclusion-strategy
,industry-trend
,infrastructure
,innovation
,innovation-lab
,integration-testing
,intern
,internal-audit
,internal-mobility
,job-despair
,job-empowerment
,job-fulfilment
,job-market
,job-satisfaction
,job-security
,job-stress
,junior
,key-performance-indicator
,knowledge-management
,knowledge-transfer
,layoff
,leadership
,legacy-migration
,legacy-system
,load-balancing
,machine-learning
,maintenance
,market-saturation
,mentorship
,micro-frontend
,microservice
,migration
,migration-strategy
,mindset-shift
,minority-representation
,modular-design
,morale
,multi-cloud
,natural-language-processing
,negotiation
,networking
,no-code
,network-latency
,nanotechnology
,neural-networks
,niche-markets
,nft
,nuance
,nuclear-energy
,nurturing
,navigational-tools
,next-gen
,neural-knowledge
,onboarding
,opportunity-cost
,optimisation
,outsourcing
,outsourcing-strategy
,overtime
,offshoring
,organizational-efficiency
,overstaffing
,paradigm-shift
,pay-gap
,pay-transparency
,peer-review
,performance-metric
,performance-review
,pivot
,pivot-strategy
,platform-engineer
,private-cloud
,productivity
,promotion
,public-cloud
,quality-assurance
,quantum
,qubit
,qnn
,quantumcomputing
,
,real-time-monitoring
,recruitment
,redundancy
,redundancy-plan
,regression-testing
,remote-first
,remote-work
,reskilling
,retention
,retention-rate
,retention-strategy
,retention-tool
,return-on-investment
,risk-management
,runtime-environment
,scalability
,scalability-challenge
,schedule-flexibility
,self-service-platform
,senior
,service-mesh
,shared-responsibility
,shutdown
,side-project
,skill-development
,skill-gap
,skill-utilisation
,slack
,software-engineer
,solution-architect
,source-control
,sprint
,sprint-retrospective
,staffing
,stakeholder
,stakeholder-alignment
,startup-culture
,strategic-initiative
,strategic-roadmap
,subcontractor
,succession-planning
,sustainability
,system-administrator
,system-architecture
,talent-acquisition
,team-lead
,team-owning
,team-scaling
,tech-burnout
,tech-ecosystem
,techlayoffs
,technical-debt
,technical-interview
,technical-lead
,tech-optimism  
,tech-stack
,termination
,test-automation
,testing-framework
,throughput
,throughput-enhancement
,time-to-market
,timezone-challenges
,tooling
,tooling-ecosystem
,training-budget
,transparency
,under-represented-group
,unemployment
,unit-testing
,upgrade
,upgrade-cycle
,upskilling
,user-centred-design
,user-experience
,users-research
,user-story
,value-proposition
,value-stream
,vendor-ecosystem
,vendor-management
,version-control
,virtual-team
,vision
,vulnerability
,waterfall
,wear-and-tear
,wellbeing
,workflow-automation
,workflow-orchestration
,workforce-diversity
,workforce-planning
,work-life-balance
,workload
,workplace-culture
,workplace-diversity
,workstream
,zero-downtime
,zero-trust
