,count
data,1951
design,1277
automation,951
innovation,888
cloud,792
code,749
infrastructure,658
retention,653
architecture,623
quantum,579
leadership,565
layoff,551
intern,541
efficiency,509
feedback,458
governance,458
accountability,446
blockchain,429
developer,427
migration,422
vision,401
transparency,395
algorithm,385
pivot,384
redundancy,339
analytics,333
productivity,323
outsourcing,316
enterprise,302
customer,299
harassment,296
collaboration,287
alignment,280
chatgpt,272
qubit,267
recruitment,257
techlayoffs,253
compliance,240
morale,230
onboarding,218
allocation,217
deployment,212
agile,212
microservice,210
cybersecurity,203
senior,196
downtime,193
promotion,190
burnout,189
adjustment,188
quantumcomputing,188
freelancing,187
upgrade,183
vulnerability,178
offshoring,175
accessibility,172
experimentation,169
reskilling,163
devops,160
attrition,159
gig-economy,159
future-proofing,159
database,152
junior,148
scalability,147
staffing,128
contribution,126
sustainability,126
qnn,119
wellbeing,117
full-stack,116
equity,115
overtime,115
unemployment,114
nanotechnology,109
pay-transparency,108
evaluation,107
workload,107
overstaffing,105
pay-gap,103
networking,100
nft,99
docker,94
gender-gap,94
next-gen,86
waterfall,85
dataset,82
ethics,81
decision-making,76
inclusion,75
diversity,70
upskilling,70
throughput,70
multi-cloud,68
micro-frontend,67
certification,66
maintenance,61
chatbot,61
stakeholder,59
shutdown,56
empowerment,50
data-driven,50
e-commerce,49
debugging,46
compensation,46
churn,42
entrepreneurship,39
negotiation,36
slack,35
convergence,31
peer-review,30
contractor,29
sprint,27
no-code,26
tooling,25
mentorship,25
benchmarking,25
classification,24
termination,23
escalation,22
remote-first,19
discrimination,18
nuance,18
cloud-native,15
nurturing,13
zero-trust,12
graphene,11
genomics,11
optimisation,9
gamification,8
globalization,6
geospatial,6
cross-functional,6
clustering,6
machine-learning,5
feature-flag,4
eco-friendly,3
zero-downtime,3
return-on-investment,3
risk-management,2
hyper-automation,1
critical-mass,1
data-engineer,1
remote-work,1
private-cloud,1
nuclear-energy,1
human-resources,1
incident-response,1
job-market,1
friction-point,1
time-to-market,1
buy-in,1
value-proposition,1
regression-testing,1
deep-learning,1
subcontractor,1
software-engineer,1
data-science,1
applicant-tracking,1
big-data,1
workstream,1
value-stream,0
vendor-ecosystem,0
vendor-management,0
version-control,0
wear-and-tear,0
user-experience,0
user-story,0
users-research,0
continuous-integration,0
enterprise-innovation,0
architecture-review,0
artificial-intelligence,0
audit-trail,0
data-analytics,0
corporate-culture,0
eco-innovation,0
experience-level,0
execution-risk,0
evolution-of-ai,0
event-optimization,0
green-it,0
future-of?work,0
continuous-delivery,0
continuous-improvement,0
environmental-adaptation,0
equality-in-tech,0
ethical-ai,0
ethical-engineering,0
industry-trend,0
innovation-lab,0
integration-testing,0
entertainment-news,0
human-capital,0
hiring-surge,0
hiring-pipeline-bottleneck,0
hiring-pipeline,0
hiring-freeze,0
forensic-analysis,0
gamble-tech,0
configuration-management,0
green-energy,0
feedback-loop,0
feature-delivery,0
geo-fencing,0
cross-pollination,0
brand-perception,0
virtual-team,0
training-budget,0
timezone-challenges,0
throughput-enhancement,0
change-management,0
testing-framework,0
candidate-experience,0
business-intelligence,0
business-continuity,0
tooling-ecosystem,0
churn-rate,0
internal-audit,0
internal-mobility,0
job-despair,0
job-empowerment,0
job-fulfilment,0
job-satisfaction,0
job-security,0
knowledge-transfer,0
job-stress,0
key-performance-indicator,0
knowledge-management,0
legacy-system,0
legacy-migration,0
load-balancing,0
grid-computing,0
inclusion-strategy,0
growth-hacking,0
growth-opportunity,0
cloud-computing,0
enterprise-architecture,0
engineering-manager,0
energy-management,0
enterprise-automation,0
code-review,0
cognitive-load,0
niche-markets,0
navigational-tools,0
minority-representation,0
mindset-shift,0
modular-design,0
natural-language-processing,0
edge-computing,0
edge-intelligence,0
elastic-scale,0
electric-energy,0
electric-vehicles,0
emerging-technologies,0
empowerment-culture,0
ecosystem-partnership,0
opportunity-cost,0
organizational-efficiency,0
downtime-cost,0
domain-expertise,0
paradigm-shift,0
outsourcing-strategy,0
performance-metric,0
performance-review,0
developer-experience,0
digital-transformation,0
digital-workplace,0
distributed-team,0
delivery-model,0
retention-tool,0
deployment-pipeline,0
endpoint-automation,0
encryption-policy,0
neural-networks,0
neural-knowledge,0
network-latency,0
computer-vision,0
compliance-audit,0
migration-strategy,0
market-saturation,0
pivot-strategy,0
platform-engineer,0
public-cloud,0
quality-assurance,0
redundancy-plan,0
real-time-monitoring,0
retention-strategy,0
retention-rate,0
dev-community,0
self-service-platform,0
service-mesh,0
skill-utilisation,0
skill-development,0
side-project,0
shared-responsibility,0
solution-architect,0
system-architecture,0
system-administrator,0
succession-planning,0
strategic-roadmap,0
strategic-initiative,0
startup-culture,0
stakeholder-alignment,0
sprint-retrospective,0
source-control,0
bias-mitigation,0
scalability-challenge,0
schedule-flexibility,0
runtime-environment,0
team-lead,0
talent-acquisition,0
skill-gap,0
technical-interview,0
technical-lead,0
test-automation,0
autonomous-system,0
bandwidth-constraint,0
baseline-metric,0
tech-ecosystem,0
technical-debt,0
dedicated-team,0
team-scaling,0
data-visualization,0
decision-tree,0
data-quality,0
tech-burnout,0
tech-optimism,0
tech-stack,0
data-governance,0
data-mining,0
data-pipeline,0
workflow-automation,0
accountability-framework,0
team-owning,0
workplace-diversity,0
work-life-balance,0
workplace-culture,0
workforce-planning,0
workflow-orchestration,0
workforce-diversity,0
user-centred-design,0
upgrade-cycle,0
unit-testing,0
under-represented-group,0
